Workbook

Sheet Apostadores
A1: apostador | B1: total | C1: México x África do Sul | D1: Coreia do Sul x República Tcheca | E1: Canadá x Bósnia | F1: Estados Unidos x Paraguai | G1: Catar x Suíça | H1: Brasil x Marrocos | I1: Haiti x Escócia | J1: Austrália x Turquia | K1: Alemanha x Curaçao | L1: Países Baixos (Holanda) x Japão | M1: Costa do Marfim x Equador | N1: Suécia x Tunísia | O1: Espanha x Cabo Verde | P1: Bélgica x Egito | Q1: Arábia Saudita x Uruguai | R1: Irã x Nova Zelândia | S1: França x Senegal | T1: Iraque x Noruega | U1: Argentina x Argélia | V1: Áustria x Jordânia | W1: Portugal x RD Congo | X1: Inglaterra x Croácia | Y1: Gana x Panamá | Z1: Uzbequistão x Colômbia | AA1: República Tcheca x África do Sul | AB1: Suíça x Bósnia | AC1: Canadá x Catar | AD1: México x Coreia do Sul | AE1: Estados Unidos x Austrália | AF1: Escócia x Marrocos | AG1: Brasil x Haiti | AH1: Turquia x Paraguai | AI1: Países Baixos (Holanda) x Suécia | AJ1: Alemanha x Costa do Marfim | AK1: Equador x Curaçao | AL1: Tunísia x Japão | AM1: Espanha x Arábia Saudita | AN1: Bélgica x Irã | AO1: Uruguai x Cabo Verde | AP1: Nova Zelândia x Egito | AQ1: Argentina x Áustria | AR1: Jordânia x Argélia | AS1: França x Iraque | AT1: Noruega x Senegal | AU1: Portugal x Uzbequistão | AV1: Inglaterra x Gana | AW1: Panamá x Croácia | AX1: Colômbia x RD Congo | AY1: Turquia x Estados Unidos | AZ1: Paraguai x Austrália | BA1: Suíça x Canadá | BB1: Bósnia x Catar | BC1: Escócia x Brasil | BD1: Marrocos x Haiti | BE1: República Tcheca x México | BF1: África do Sul x Coreia do Sul | BG1: Equador x Alemanha | BH1: Curaçao x Costa do Marfim | BI1: Japão x Suécia | BJ1: Tunísia x Países Baixos (Holanda) | BK1: Jordânia x Argentina | BL1: Argélia x Áustria | BM1: Noruega x França | BN1: Senegal x Iraque | BO1: Cabo Verde x Arábia Saudita | BP1: Uruguai x Espanha | BQ1: Egito x Irã | BR1: Nova Zelândia x Bélgica | BS1: Colômbia x Portugal | BT1: RD Congo x Uzbequistão | BU1: Panamá x Inglaterra | BV1: Croácia x Gana
B3: =SUMIF(#REF!,"<>INVALIDO",#REF!) -> #REF!
B4: =SUMIF(#REF!,"<>INVALIDO",#REF!) -> #REF!
B5: =SUMIF(#REF!,"<>INVALIDO",#REF!) -> #REF!
B6: =SUMIF(#REF!,"<>INVALIDO",#REF!) -> #REF!
B7: =SUMIF(#REF!,"<>INVALIDO",#REF!) -> #REF!
B8: =SUMIF(#REF!,"<>INVALIDO",#REF!) -> #REF!
B9: =SUMIF(#REF!,"<>INVALIDO",#REF!) -> #REF!
B10: =SUMIF(#REF!,"<>INVALIDO",#REF!) -> #REF!
B11: =SUMIF(#REF!,"<>INVALIDO",#REF!) -> #REF!
B12: =SUMIF(#REF!,"<>INVALIDO",#REF!) -> #REF!
B13: =SUMIF(#REF!,"<>INVALIDO",#REF!) -> #REF!
B14: =SUMIF(#REF!,"<>INVALIDO",#REF!) -> #REF!
... B51: =SUMIF(#REF!,"<>INVALIDO",#REF!) -> #REF!

Sheet apostas
A1: apostador | C1: México x África do Sul | D1: Coreia do Sul x República Tcheca | E1: Canadá x Bósnia | F1: Estados Unidos x Paraguai | G1: Catar x Suíça | H1: Brasil x Marrocos | I1: Haiti x Escócia | J1: Austrália x Turquia | K1: Alemanha x Curaçao | L1: Países Baixos (Holanda) x Japão | M1: Costa do Marfim x Equador | N1: Suécia x Tunísia | O1: Espanha x Cabo Verde | P1: Bélgica x Egito | Q1: Arábia Saudita x Uruguai | R1: Irã x Nova Zelândia | S1: França x Senegal | T1: Iraque x Noruega | U1: Argentina x Argélia | V1: Áustria x Jordânia | W1: Portugal x RD Congo | X1: Inglaterra x Croácia | Y1: Gana x Panamá | Z1: Uzbequistão x Colômbia | AA1: República Tcheca x África do Sul | AB1: Suíça x Bósnia | AC1: Canadá x Catar | AD1: México x Coreia do Sul | AE1: Estados Unidos x Austrália | AF1: Escócia x Marrocos | AG1: Brasil x Haiti | AH1: Turquia x Paraguai | AI1: Países Baixos (Holanda) x Suécia | AJ1: Alemanha x Costa do Marfim | AK1: Equador x Curaçao | AL1: Tunísia x Japão | AM1: Espanha x Arábia Saudita | AN1: Bélgica x Irã | AO1: Uruguai x Cabo Verde | AP1: Nova Zelândia x Egito | AQ1: Argentina x Áustria | AR1: Jordânia x Argélia | AS1: França x Iraque | AT1: Noruega x Senegal | AU1: Portugal x Uzbequistão | AV1: Inglaterra x Gana | AW1: Panamá x Croácia | AX1: Colômbia x RD Congo | AY1: Turquia x Estados Unidos | AZ1: Paraguai x Austrália | BA1: Suíça x Canadá | BB1: Bósnia x Catar | BC1: Escócia x Brasil | BD1: Marrocos x Haiti | BE1: República Tcheca x México | BF1: África do Sul x Coreia do Sul | BG1: Equador x Alemanha | BH1: Curaçao x Costa do Marfim | BI1: Japão x Suécia | BJ1: Tunísia x Países Baixos (Holanda) | BK1: Jordânia x Argentina | BL1: Argélia x Áustria | BM1: Noruega x França | BN1: Senegal x Iraque | BO1: Cabo Verde x Arábia Saudita | BP1: Uruguai x Espanha | BQ1: Egito x Irã | BR1: Nova Zelândia x Bélgica | BS1: Colômbia x Portugal | BT1: RD Congo x Uzbequistão | BU1: Panamá x Inglaterra | BV1: Croácia x Gana

Sheet jogos
A1: Jogos | B1: Data/horario | C1: placar
A2: {=INDEX(Apostadores!$C$1:$BV$1,1,ROW(E1))} -> México x África do Sul | B2: 46184.667 | C2: 2x0
A3: {=INDEX(Apostadores!$C$1:$BV$1,1,ROW(A2))} -> Coreia do Sul x República Tcheca | B3: 46184.833 | C3: 2x1
A4: {=INDEX(Apostadores!$C$1:$BV$1,1,ROW(A3))} -> Canadá x Bósnia | B4: 46185.625 | C4: 1x1
A5: {=INDEX(Apostadores!$C$1:$BV$1,1,ROW(A4))} -> Estados Unidos x Paraguai | B5: 46185.75 | C5: 4x1
A6: {=INDEX(Apostadores!$C$1:$BV$1,1,ROW(A5))} -> Catar x Suíça | B6: 46186.5 | C6: 1x1
A7: {=INDEX(Apostadores!$C$1:$BV$1,1,ROW(A6))} -> Brasil x Marrocos | B7: 46186.75 | C7: 1x1
A8: {=INDEX(Apostadores!$C$1:$BV$1,1,ROW(A7))} -> Haiti x Escócia | B8: 46186.875 | C8: 0x1
A9: {=INDEX(Apostadores!$C$1:$BV$1,1,ROW(A8))} -> Austrália x Turquia | B9: 46186.875 | C9: 2x0
A10: {=INDEX(Apostadores!$C$1:$BV$1,1,ROW(A9))} -> Alemanha x Curaçao | B10: 46187.5 | C10: 7x1
A11: {=INDEX(Apostadores!$C$1:$BV$1,1,ROW(A10))} -> Países Baixos (Holanda) x Japão | B11: 46187.625 | C11: 2x2
A12: {=INDEX(Apostadores!$C$1:$BV$1,1,ROW(A11))} -> Costa do Marfim x Equador | B12: 46187.792 | C12: 1x0
A13: {=INDEX(Apostadores!$C$1:$BV$1,1,ROW(A12))} -> Suécia x Tunísia | B13: 46187.833 | C13: 5x1
A14: {=INDEX(Apostadores!$C$1:$BV$1,1,ROW(A13))} -> Espanha x Cabo Verde | B14: 46188.542 | C14: 0x0
... A49: {=INDEX(Apostadores!$C$1:$BV$1,1,ROW(A48))} -> Colômbia x RD Congo | B49: 46196.958 | C49: 1x0
A50: {=INDEX(Apostadores!$C$1:$BV$1,1,ROW(A49))} -> Turquia x Estados Unidos | B50: 46198.958
A51: {=INDEX(Apostadores!$C$1:$BV$1,1,ROW(A50))} -> Paraguai x Austrália | B51: 46198.958
A52: {=INDEX(Apostadores!$C$1:$BV$1,1,ROW(A51))} -> Suíça x Canadá | B52: 46197.667 | C52: 2x1
A53: {=INDEX(Apostadores!$C$1:$BV$1,1,ROW(A52))} -> Bósnia x Catar | B53: 46197.667 | C53: 3x1
A54: {=INDEX(Apostadores!$C$1:$BV$1,1,ROW(A53))} -> Escócia x Brasil | B54: 46197.792 | C54: 0x3
A55: {=INDEX(Apostadores!$C$1:$BV$1,1,ROW(A54))} -> Marrocos x Haiti | B55: 46197.792 | C55: 4x2
A56: {=INDEX(Apostadores!$C$1:$BV$1,1,ROW(A55))} -> República Tcheca x México | B56: 46197.917 | C56: 3x0
A57: {=INDEX(Apostadores!$C$1:$BV$1,1,ROW(A56))} -> África do Sul x Coreia do Sul | B57: 46197.917 | C57: 3x0
A58: {=INDEX(Apostadores!$C$1:$BV$1,1,ROW(A57))} -> Equador x Alemanha | B58: 46198.708
A59: {=INDEX(Apostadores!$C$1:$BV$1,1,ROW(A58))} -> Curaçao x Costa do Marfim | B59: 46198.708
A60: {=INDEX(Apostadores!$C$1:$BV$1,1,ROW(A59))} -> Japão x Suécia | B60: 46198.833
A61: {=INDEX(Apostadores!$C$1:$BV$1,1,ROW(A60))} -> Tunísia x Países Baixos (Holanda) | B61: 46198.833
A62: {=INDEX(Apostadores!$C$1:$BV$1,1,ROW(A61))} -> Jordânia x Argentina | B62: 46199.542
A63: {=INDEX(Apostadores!$C$1:$BV$1,1,ROW(A62))} -> Argélia x Áustria | B63: 46199.542
A64: {=INDEX(Apostadores!$C$1:$BV$1,1,ROW(A63))} -> Noruega x França | B64: 46199.667
A65: {=INDEX(Apostadores!$C$1:$BV$1,1,ROW(A64))} -> Senegal x Iraque | B65: 46199.667
A66: {=INDEX(Apostadores!$C$1:$BV$1,1,ROW(A65))} -> Cabo Verde x Arábia Saudita | B66: 46199.875
A67: {=INDEX(Apostadores!$C$1:$BV$1,1,ROW(A66))} -> Uruguai x Espanha | B67: 46199.875
A68: {=INDEX(Apostadores!$C$1:$BV$1,1,ROW(A67))} -> Egito x Irã | B68: 46200
A69: {=INDEX(Apostadores!$C$1:$BV$1,1,ROW(A68))} -> Nova Zelândia x Bélgica | B69: 46200
... A73: {=INDEX(Apostadores!$C$1:$BV$1,1,ROW(A72))} -> Croácia x Gana | B73: 46200.875
